Comment,Designator,Footprint,JLCPCB Part #（optional）
0.1uF,"C1, ",Capacitor_SMD:C_0603_1608Metric,
10uF,"C2, ",Capacitor_SMD:C_0603_1608Metric,
LED_Blue,"D1, ",LED_SMD:LED_0603_1608Metric,
LED_Red,"D2, ",LED_SMD:LED_0603_1608Metric,
112,"J1, ",custom_Library:112,
programmer,"J2, ",Connector_Molex:Molex_Pico-Lock_504050-0691_1x06-1MP_P1.50mm_Horizontal,
HM-19,"J3, ",custom_Library:HM-19,
Jumper_2_Open,"JP1, ",Button_Switch_SMD:SW_SPST_B3U-1000P,
10k,"R1, ",Resistor_SMD:R_0603_1608Metric,
LDR07,"R2, ",OptoDevice:R_LDR_5.1x4.3mm_P3.4mm_Vertical,
470R,"R3, R6, ",Resistor_SMD:R_0603_1608Metric,
1k,"R4, R5, ",Resistor_SMD:R_0603_1608Metric,
59170-1-T-00-D,"S1, ",custom_Library:591701T00D,
SW_SPDT,"SW1, ",Button_Switch_SMD:SW_SPDT_CK-JS102011SAQN,
110,"U1, ",custom_Library:110,
ATtiny85V-10S,"U2, ",Package_SO:SOIC-8W_5.3x5.3mm_P1.27mm,
