<?xml version="1.0" encoding="UTF-8"?>
<export version="E">
  <design>
    <source>/Users/sapelectronic/Desktop/MMTC_TEST/attiny85_ble/attiny85_ble.kicad_sch</source>
    <date>2023 March 23, Thursday 09:24:57</date>
    <tool>Eeschema (6.0.5-0)</tool>
    <sheet number="1" name="/" tstamps="/">
      <title_block>
        <title>Attiny85 with BLE for door sensor</title>
        <company/>
        <rev>Rev-1.0</rev>
        <date>2023-03-23</date>
        <source>attiny85_ble.kicad_sch</source>
        <comment number="1" value="Designed in Thailand"/>
        <comment number="2" value=""/>
        <comment number="3" value=""/>
        <comment number="4" value=""/>
        <comment number="5" value=""/>
        <comment number="6" value=""/>
        <comment number="7" value=""/>
        <comment number="8" value=""/>
        <comment number="9" value=""/>
      </title_block>
    </sheet>
  </design>
  <components>
    <comp ref="C1">
      <value>0.1uF</value>
      <footprint>Capacitor_SMD:C_0603_1608Metric</footprint>
      <libsource lib="Device" part="C" description="Unpolarized capacitor"/>
      <property name="Sheetname" value=""/>
      <property name="Sheetfile" value="attiny85_ble.kicad_sch"/>
      <sheetpath names="/" tstamps="/"/>
      <tstamps>d569fa57-8a3a-4671-bdf2-f836715afc1f</tstamps>
    </comp>
    <comp ref="C2">
      <value>10uF</value>
      <footprint>Capacitor_SMD:C_0603_1608Metric</footprint>
      <libsource lib="Device" part="C" description="Unpolarized capacitor"/>
      <property name="Sheetname" value=""/>
      <property name="Sheetfile" value="attiny85_ble.kicad_sch"/>
      <sheetpath names="/" tstamps="/"/>
      <tstamps>9882c936-ddcf-4b5f-8374-7cc349c17329</tstamps>
    </comp>
    <comp ref="D1">
      <value>LED_Blue</value>
      <footprint>LED_SMD:LED_0603_1608Metric</footprint>
      <libsource lib="Device" part="LED" description="Light emitting diode"/>
      <property name="Sheetname" value=""/>
      <property name="Sheetfile" value="attiny85_ble.kicad_sch"/>
      <sheetpath names="/" tstamps="/"/>
      <tstamps>8d216aaf-4159-43a2-be29-acb591868598</tstamps>
    </comp>
    <comp ref="D2">
      <value>LED_Red</value>
      <footprint>LED_SMD:LED_0603_1608Metric</footprint>
      <libsource lib="Device" part="LED" description="Light emitting diode"/>
      <property name="Sheetname" value=""/>
      <property name="Sheetfile" value="attiny85_ble.kicad_sch"/>
      <sheetpath names="/" tstamps="/"/>
      <tstamps>adab394d-7c93-4c92-9a2a-8eaba0cd927e</tstamps>
    </comp>
    <comp ref="J1">
      <value>112</value>
      <footprint>custom_Library:112</footprint>
      <datasheet>https://www.keyelco.com/product-pdf.cfm?p=13963</datasheet>
      <fields>
        <field name="Description">Battery Contacts S/M COIN CELL CNCT NEGATIVE 16mm UP</field>
        <field name="Height">3</field>
        <field name="Manufacturer_Name">Keystone Electronics</field>
        <field name="Manufacturer_Part_Number">112</field>
        <field name="Mouser Part Number">534-112</field>
        <field name="Mouser Price/Stock">https://www.mouser.co.uk/ProductDetail/Keystone-Electronics/112?qs=FYfXKmhrYXMDs%2FXzLW2zeA%3D%3D</field>
      </fields>
      <libsource lib="112" part="112" description=""/>
      <property name="Description" value="Battery Contacts S/M COIN CELL CNCT NEGATIVE 16mm UP"/>
      <property name="Height" value="3"/>
      <property name="Mouser Part Number" value="534-112"/>
      <property name="Mouser Price/Stock" value="https://www.mouser.co.uk/ProductDetail/Keystone-Electronics/112?qs=FYfXKmhrYXMDs%2FXzLW2zeA%3D%3D"/>
      <property name="Manufacturer_Name" value="Keystone Electronics"/>
      <property name="Manufacturer_Part_Number" value="112"/>
      <property name="Sheetname" value=""/>
      <property name="Sheetfile" value="attiny85_ble.kicad_sch"/>
      <sheetpath names="/" tstamps="/"/>
      <tstamps>a2f56088-3ff9-40bc-940b-0d926e92c086</tstamps>
    </comp>
    <comp ref="J2">
      <value>programmer</value>
      <footprint>Connector_Molex:Molex_Pico-Lock_504050-0691_1x06-1MP_P1.50mm_Horizontal</footprint>
      <libsource lib="Connector_Generic" part="Conn_01x06" description="Generic connector, single row, 01x06, script generated (kicad-library-utils/schlib/autogen/connector/)"/>
      <property name="Sheetname" value=""/>
      <property name="Sheetfile" value="attiny85_ble.kicad_sch"/>
      <sheetpath names="/" tstamps="/"/>
      <tstamps>816ffd0f-599f-4038-9711-dab3d9f13d79</tstamps>
    </comp>
    <comp ref="J3">
      <value>HM-19</value>
      <footprint>custom_Library:HM-19</footprint>
      <libsource lib="custom_mmtc" part="HM-19" description=""/>
      <property name="Sheetname" value=""/>
      <property name="Sheetfile" value="attiny85_ble.kicad_sch"/>
      <sheetpath names="/" tstamps="/"/>
      <tstamps>6810d728-2143-4881-8a3c-e5aceba572ee</tstamps>
    </comp>
    <comp ref="JP1">
      <value>Jumper_2_Open</value>
      <footprint>Button_Switch_SMD:SW_SPST_B3U-1000P</footprint>
      <libsource lib="Jumper" part="Jumper_2_Open" description="Jumper, 2-pole, open"/>
      <property name="Sheetname" value=""/>
      <property name="Sheetfile" value="attiny85_ble.kicad_sch"/>
      <sheetpath names="/" tstamps="/"/>
      <tstamps>50ddd58a-de5c-4d3f-860c-96f85b286bde</tstamps>
    </comp>
    <comp ref="R1">
      <value>10k</value>
      <footprint>Resistor_SMD:R_0603_1608Metric</footprint>
      <libsource lib="Device" part="R" description="Resistor"/>
      <property name="Sheetname" value=""/>
      <property name="Sheetfile" value="attiny85_ble.kicad_sch"/>
      <sheetpath names="/" tstamps="/"/>
      <tstamps>97429a9d-444f-4e33-930a-6004cc3f97a5</tstamps>
    </comp>
    <comp ref="R2">
      <value>LDR07</value>
      <footprint>OptoDevice:R_LDR_5.1x4.3mm_P3.4mm_Vertical</footprint>
      <datasheet>http://www.tme.eu/de/Document/f2e3ad76a925811312d226c31da4cd7e/LDR07.pdf</datasheet>
      <libsource lib="Sensor_Optical" part="LDR07" description="light dependent resistor"/>
      <property name="Sheetname" value=""/>
      <property name="Sheetfile" value="attiny85_ble.kicad_sch"/>
      <sheetpath names="/" tstamps="/"/>
      <tstamps>0cfdb176-fbad-4db3-9cfa-2c5f82ccdc08</tstamps>
    </comp>
    <comp ref="R3">
      <value>470R</value>
      <footprint>Resistor_SMD:R_0603_1608Metric</footprint>
      <libsource lib="Device" part="R" description="Resistor"/>
      <property name="Sheetname" value=""/>
      <property name="Sheetfile" value="attiny85_ble.kicad_sch"/>
      <sheetpath names="/" tstamps="/"/>
      <tstamps>4b14095f-732c-4379-bd0d-1e2849861e5d</tstamps>
    </comp>
    <comp ref="R4">
      <value>1k</value>
      <footprint>Resistor_SMD:R_0603_1608Metric</footprint>
      <libsource lib="Device" part="R" description="Resistor"/>
      <property name="Sheetname" value=""/>
      <property name="Sheetfile" value="attiny85_ble.kicad_sch"/>
      <sheetpath names="/" tstamps="/"/>
      <tstamps>a4dd661c-8068-4e8e-a87a-8aea0e02ce7e</tstamps>
    </comp>
    <comp ref="R5">
      <value>1k</value>
      <footprint>Resistor_SMD:R_0603_1608Metric</footprint>
      <libsource lib="Device" part="R" description="Resistor"/>
      <property name="Sheetname" value=""/>
      <property name="Sheetfile" value="attiny85_ble.kicad_sch"/>
      <sheetpath names="/" tstamps="/"/>
      <tstamps>a8daf876-103c-48fb-944f-72078e0e5c97</tstamps>
    </comp>
    <comp ref="R6">
      <value>470R</value>
      <footprint>Resistor_SMD:R_0603_1608Metric</footprint>
      <libsource lib="Device" part="R" description="Resistor"/>
      <property name="Sheetname" value=""/>
      <property name="Sheetfile" value="attiny85_ble.kicad_sch"/>
      <sheetpath names="/" tstamps="/"/>
      <tstamps>6ae636eb-11a0-45ff-b6f1-0637b62c7286</tstamps>
    </comp>
    <comp ref="S1">
      <value>59170-1-T-00-D</value>
      <footprint>custom_Library:591701T00D</footprint>
      <datasheet>http://www.littelfuse.com/~{/media/electronics/datasheets/reed_switches/littelfuse_reed_switches_59170_datasheet.pdf.pdf}</datasheet>
      <fields>
        <field name="Description">Sub-miniature Overmolded Reed Switch, 2-pin Gull Wing</field>
        <field name="Height">2.417</field>
        <field name="Manufacturer_Name">LITTELFUSE</field>
        <field name="Manufacturer_Part_Number">59170-1-T-00-D</field>
        <field name="Mouser Part Number">934-59170-1-T-00-D</field>
        <field name="Mouser Price/Stock">https://www.mouser.co.uk/ProductDetail/Littelfuse/59170-1-T-00-D?qs=X8LBAgEWIKJS4PcbL0WHqg%3D%3D</field>
      </fields>
      <libsource lib="59170-1-T-00-D" part="59170-1-T-00-D" description=""/>
      <property name="Description" value="Sub-miniature Overmolded Reed Switch, 2-pin Gull Wing"/>
      <property name="Height" value="2.417"/>
      <property name="Mouser Part Number" value="934-59170-1-T-00-D"/>
      <property name="Mouser Price/Stock" value="https://www.mouser.co.uk/ProductDetail/Littelfuse/59170-1-T-00-D?qs=X8LBAgEWIKJS4PcbL0WHqg%3D%3D"/>
      <property name="Manufacturer_Name" value="LITTELFUSE"/>
      <property name="Manufacturer_Part_Number" value="59170-1-T-00-D"/>
      <property name="Sheetname" value=""/>
      <property name="Sheetfile" value="attiny85_ble.kicad_sch"/>
      <sheetpath names="/" tstamps="/"/>
      <tstamps>3a957c86-e47e-474c-8a0f-b365a8ff51c5</tstamps>
    </comp>
    <comp ref="SW1">
      <value>SW_SPDT</value>
      <footprint>Button_Switch_SMD:SW_SPDT_CK-JS102011SAQN</footprint>
      <libsource lib="Switch" part="SW_SPDT" description="Switch, single pole double throw"/>
      <property name="Sheetname" value=""/>
      <property name="Sheetfile" value="attiny85_ble.kicad_sch"/>
      <sheetpath names="/" tstamps="/"/>
      <tstamps>ca9cbbc8-b738-4899-b12f-61c8b59445b3</tstamps>
    </comp>
    <comp ref="U1">
      <value>110</value>
      <footprint>custom_Library:110</footprint>
      <datasheet>https://componentsearchengine.com/Datasheets/1/110.pdf</datasheet>
      <fields>
        <field name="Description">Battery Contacts S/M COIN CELL CNCT POSITIVE 16mm UP</field>
        <field name="Height">3.3</field>
        <field name="Manufacturer_Name">Keystone Electronics</field>
        <field name="Manufacturer_Part_Number">110</field>
        <field name="Mouser Part Number">534-110</field>
        <field name="Mouser Price/Stock">https://www.mouser.co.uk/ProductDetail/Keystone-Electronics/110?qs=FYfXKmhrYXN9wPgAjD%2FFOg%3D%3D</field>
      </fields>
      <libsource lib="110" part="110" description=""/>
      <property name="Description" value="Battery Contacts S/M COIN CELL CNCT POSITIVE 16mm UP"/>
      <property name="Height" value="3.3"/>
      <property name="Mouser Part Number" value="534-110"/>
      <property name="Mouser Price/Stock" value="https://www.mouser.co.uk/ProductDetail/Keystone-Electronics/110?qs=FYfXKmhrYXN9wPgAjD%2FFOg%3D%3D"/>
      <property name="Manufacturer_Name" value="Keystone Electronics"/>
      <property name="Manufacturer_Part_Number" value="110"/>
      <property name="Sheetname" value=""/>
      <property name="Sheetfile" value="attiny85_ble.kicad_sch"/>
      <sheetpath names="/" tstamps="/"/>
      <tstamps>33967681-4c8c-4304-8966-a75ba68842d3</tstamps>
    </comp>
    <comp ref="U2">
      <value>ATtiny85V-10S</value>
      <footprint>Package_SO:SOIC-8W_5.3x5.3mm_P1.27mm</footprint>
      <datasheet>http://ww1.microchip.com/downloads/en/DeviceDoc/atmel-2586-avr-8-bit-microcontroller-attiny25-attiny45-attiny85_datasheet.pdf</datasheet>
      <libsource lib="MCU_Microchip_ATtiny" part="ATtiny85V-10S" description="10MHz, 8kB Flash, 512B SRAM, 512B EEPROM, debugWIRE, SOIC-8W"/>
      <property name="Sheetname" value=""/>
      <property name="Sheetfile" value="attiny85_ble.kicad_sch"/>
      <sheetpath names="/" tstamps="/"/>
      <tstamps>2ceba829-d0ef-487c-816e-cb45d6945145</tstamps>
    </comp>
  </components>
  <libparts>
    <libpart lib="110" part="110">
      <docs>https://componentsearchengine.com/Datasheets/1/110.pdf</docs>
      <fields>
        <field name="Reference">U</field>
        <field name="Value">110</field>
        <field name="Footprint">110</field>
        <field name="Datasheet">https://componentsearchengine.com/Datasheets/1/110.pdf</field>
        <field name="Description">Battery Contacts S/M COIN CELL CNCT POSITIVE 16mm UP</field>
        <field name="Height">3.3</field>
        <field name="Mouser Part Number">534-110</field>
        <field name="Mouser Price/Stock">https://www.mouser.co.uk/ProductDetail/Keystone-Electronics/110?qs=FYfXKmhrYXN9wPgAjD%2FFOg%3D%3D</field>
        <field name="Manufacturer_Name">Keystone Electronics</field>
        <field name="Manufacturer_Part_Number">110</field>
      </fields>
      <pins>
        <pin num="1" name="1" type="passive"/>
      </pins>
    </libpart>
    <libpart lib="112" part="112">
      <docs>https://www.keyelco.com/product-pdf.cfm?p=13963</docs>
      <fields>
        <field name="Reference">J</field>
        <field name="Value">112</field>
        <field name="Footprint">112</field>
        <field name="Datasheet">https://www.keyelco.com/product-pdf.cfm?p=13963</field>
        <field name="Description">Battery Contacts S/M COIN CELL CNCT NEGATIVE 16mm UP</field>
        <field name="Height">3</field>
        <field name="Mouser Part Number">534-112</field>
        <field name="Mouser Price/Stock">https://www.mouser.co.uk/ProductDetail/Keystone-Electronics/112?qs=FYfXKmhrYXMDs%2FXzLW2zeA%3D%3D</field>
        <field name="Manufacturer_Name">Keystone Electronics</field>
        <field name="Manufacturer_Part_Number">112</field>
      </fields>
      <pins>
        <pin num="1" name="1" type="passive"/>
      </pins>
    </libpart>
    <libpart lib="59170-1-T-00-D" part="59170-1-T-00-D">
      <docs>http://www.littelfuse.com/~{/media/electronics/datasheets/reed_switches/littelfuse_reed_switches_59170_datasheet.pdf.pdf}</docs>
      <fields>
        <field name="Reference">S</field>
        <field name="Value">59170-1-T-00-D</field>
        <field name="Footprint">591701T00D</field>
        <field name="Datasheet">http://www.littelfuse.com/~{/media/electronics/datasheets/reed_switches/littelfuse_reed_switches_59170_datasheet.pdf.pdf}</field>
        <field name="Description">Sub-miniature Overmolded Reed Switch, 2-pin Gull Wing</field>
        <field name="Height">2.417</field>
        <field name="Mouser Part Number">934-59170-1-T-00-D</field>
        <field name="Mouser Price/Stock">https://www.mouser.co.uk/ProductDetail/Littelfuse/59170-1-T-00-D?qs=X8LBAgEWIKJS4PcbL0WHqg%3D%3D</field>
        <field name="Manufacturer_Name">LITTELFUSE</field>
        <field name="Manufacturer_Part_Number">59170-1-T-00-D</field>
      </fields>
      <pins>
        <pin num="1" name="1" type="passive"/>
        <pin num="2" name="2" type="passive"/>
      </pins>
    </libpart>
    <libpart lib="Connector_Generic" part="Conn_01x06">
      <description>Generic connector, single row, 01x06, script generated (kicad-library-utils/schlib/autogen/connector/)</description>
      <docs>~</docs>
      <footprints>
        <fp>Connector*:*_1x??_*</fp>
      </footprints>
      <fields>
        <field name="Reference">J</field>
        <field name="Value">Conn_01x06</field>
        <field name="Datasheet">~</field>
      </fields>
      <pins>
        <pin num="1" name="Pin_1" type="passive"/>
        <pin num="2" name="Pin_2" type="passive"/>
        <pin num="3" name="Pin_3" type="passive"/>
        <pin num="4" name="Pin_4" type="passive"/>
        <pin num="5" name="Pin_5" type="passive"/>
        <pin num="6" name="Pin_6" type="passive"/>
      </pins>
    </libpart>
    <libpart lib="Device" part="C">
      <description>Unpolarized capacitor</description>
      <docs>~</docs>
      <footprints>
        <fp>C_*</fp>
      </footprints>
      <fields>
        <field name="Reference">C</field>
        <field name="Value">C</field>
        <field name="Datasheet">~</field>
      </fields>
      <pins>
        <pin num="1" name="" type="passive"/>
        <pin num="2" name="" type="passive"/>
      </pins>
    </libpart>
    <libpart lib="Device" part="LED">
      <description>Light emitting diode</description>
      <docs>~</docs>
      <footprints>
        <fp>LED*</fp>
        <fp>LED_SMD:*</fp>
        <fp>LED_THT:*</fp>
      </footprints>
      <fields>
        <field name="Reference">D</field>
        <field name="Value">LED</field>
        <field name="Datasheet">~</field>
      </fields>
      <pins>
        <pin num="1" name="K" type="passive"/>
        <pin num="2" name="A" type="passive"/>
      </pins>
    </libpart>
    <libpart lib="Device" part="R">
      <description>Resistor</description>
      <docs>~</docs>
      <footprints>
        <fp>R_*</fp>
      </footprints>
      <fields>
        <field name="Reference">R</field>
        <field name="Value">R</field>
        <field name="Datasheet">~</field>
      </fields>
      <pins>
        <pin num="1" name="" type="passive"/>
        <pin num="2" name="" type="passive"/>
      </pins>
    </libpart>
    <libpart lib="Jumper" part="Jumper_2_Open">
      <description>Jumper, 2-pole, open</description>
      <docs>~</docs>
      <footprints>
        <fp>Jumper*</fp>
        <fp>TestPoint*2Pads*</fp>
        <fp>TestPoint*Bridge*</fp>
      </footprints>
      <fields>
        <field name="Reference">JP</field>
        <field name="Value">Jumper_2_Open</field>
        <field name="Datasheet">~</field>
      </fields>
      <pins>
        <pin num="1" name="A" type="passive"/>
        <pin num="2" name="B" type="passive"/>
      </pins>
    </libpart>
    <libpart lib="MCU_Microchip_ATtiny" part="ATtiny85V-10S">
      <description>10MHz, 8kB Flash, 512B SRAM, 512B EEPROM, debugWIRE, SOIC-8W</description>
      <docs>http://ww1.microchip.com/downloads/en/DeviceDoc/atmel-2586-avr-8-bit-microcontroller-attiny25-attiny45-attiny85_datasheet.pdf</docs>
      <footprints>
        <fp>SOIC*5.3x5.3mm*P1.27mm*</fp>
      </footprints>
      <fields>
        <field name="Reference">U</field>
        <field name="Value">ATtiny85V-10S</field>
        <field name="Footprint">Package_SO:SOIC-8W_5.3x5.3mm_P1.27mm</field>
        <field name="Datasheet">http://ww1.microchip.com/downloads/en/DeviceDoc/atmel-2586-avr-8-bit-microcontroller-attiny25-attiny45-attiny85_datasheet.pdf</field>
      </fields>
      <pins>
        <pin num="1" name="~{RESET}/PB5" type="bidirectional"/>
        <pin num="2" name="XTAL1/PB3" type="bidirectional"/>
        <pin num="3" name="XTAL2/PB4" type="bidirectional"/>
        <pin num="4" name="GND" type="power_in"/>
        <pin num="5" name="AREF/PB0" type="bidirectional"/>
        <pin num="6" name="PB1" type="bidirectional"/>
        <pin num="7" name="PB2" type="bidirectional"/>
        <pin num="8" name="VCC" type="power_in"/>
      </pins>
    </libpart>
    <libpart lib="Sensor_Optical" part="LDR07">
      <description>light dependent resistor</description>
      <docs>http://www.tme.eu/de/Document/f2e3ad76a925811312d226c31da4cd7e/LDR07.pdf</docs>
      <footprints>
        <fp>R*LDR*5.1x4.3mm*P3.4mm*</fp>
      </footprints>
      <fields>
        <field name="Reference">R</field>
        <field name="Value">LDR07</field>
        <field name="Footprint">OptoDevice:R_LDR_5.1x4.3mm_P3.4mm_Vertical</field>
        <field name="Datasheet">http://www.tme.eu/de/Document/f2e3ad76a925811312d226c31da4cd7e/LDR07.pdf</field>
      </fields>
      <pins>
        <pin num="1" name="" type="passive"/>
        <pin num="2" name="" type="passive"/>
      </pins>
    </libpart>
    <libpart lib="Switch" part="SW_SPDT">
      <description>Switch, single pole double throw</description>
      <docs>~</docs>
      <fields>
        <field name="Reference">SW</field>
        <field name="Value">SW_SPDT</field>
        <field name="Datasheet">~</field>
      </fields>
      <pins>
        <pin num="1" name="A" type="passive"/>
        <pin num="2" name="B" type="passive"/>
        <pin num="3" name="C" type="passive"/>
      </pins>
    </libpart>
    <libpart lib="custom_mmtc" part="HM-19">
      <fields>
        <field name="Reference">J</field>
        <field name="Value">HM-19</field>
      </fields>
      <pins>
        <pin num="1" name="UART_RTS" type="input"/>
        <pin num="2" name="UART_TX" type="output"/>
        <pin num="3" name="UART_CTS" type="input"/>
        <pin num="4" name="UART_RX" type="input"/>
        <pin num="5" name="NC" type="input"/>
        <pin num="6" name="NC" type="input"/>
        <pin num="7" name="NC" type="input"/>
        <pin num="8" name="NC" type="input"/>
        <pin num="9" name="VCC" type="input"/>
        <pin num="10" name="NC(VCC)" type="input"/>
        <pin num="11" name="RESETB" type="input"/>
        <pin num="12" name="GND" type="input"/>
        <pin num="13" name="PIO3" type="input"/>
        <pin num="14" name="PIO2" type="input"/>
        <pin num="15" name="PIO1" type="input"/>
        <pin num="16" name="PIO0" type="input"/>
      </pins>
    </libpart>
  </libparts>
  <libraries>
    <library logical="110">
      <uri>/Users/sapelectronic/Documents/KiCad/6.0/symbols/110.kicad_sym</uri>
    </library>
    <library logical="112">
      <uri>/Users/sapelectronic/Documents/KiCad/6.0/symbols/112.kicad_sym</uri>
    </library>
    <library logical="59170-1-T-00-D">
      <uri>/Users/sapelectronic/Documents/KiCad/6.0/symbols/59170-1-T-00-D.kicad_sym</uri>
    </library>
    <library logical="Connector_Generic">
      <uri>/Applications/KiCad/KiCad.app/Contents/SharedSupport/symbols//Connector_Generic.kicad_sym</uri>
    </library>
    <library logical="Device">
      <uri>/Applications/KiCad/KiCad.app/Contents/SharedSupport/symbols//Device.kicad_sym</uri>
    </library>
    <library logical="Jumper">
      <uri>/Applications/KiCad/KiCad.app/Contents/SharedSupport/symbols//Jumper.kicad_sym</uri>
    </library>
    <library logical="MCU_Microchip_ATtiny">
      <uri>/Applications/KiCad/KiCad.app/Contents/SharedSupport/symbols//MCU_Microchip_ATtiny.kicad_sym</uri>
    </library>
    <library logical="Sensor_Optical">
      <uri>/Applications/KiCad/KiCad.app/Contents/SharedSupport/symbols//Sensor_Optical.kicad_sym</uri>
    </library>
    <library logical="Switch">
      <uri>/Applications/KiCad/KiCad.app/Contents/SharedSupport/symbols//Switch.kicad_sym</uri>
    </library>
    <library logical="custom_mmtc">
      <uri>/Users/sapelectronic/Documents/KiCad/6.0/symbols/custom_mmtc.kicad_sym</uri>
    </library>
  </libraries>
  <nets>
    <net code="1" name="3V">
      <node ref="C1" pin="1" pintype="passive"/>
      <node ref="C2" pin="1" pintype="passive"/>
      <node ref="J2" pin="5" pinfunction="Pin_5" pintype="passive"/>
      <node ref="J3" pin="10" pinfunction="NC(VCC)" pintype="input"/>
      <node ref="J3" pin="9" pinfunction="VCC" pintype="input"/>
      <node ref="R1" pin="1" pintype="passive"/>
      <node ref="SW1" pin="2" pinfunction="B" pintype="passive"/>
      <node ref="U2" pin="8" pinfunction="VCC" pintype="power_in"/>
    </net>
    <net code="2" name="BLE_RX">
      <node ref="J2" pin="3" pinfunction="Pin_3" pintype="passive"/>
      <node ref="R5" pin="1" pintype="passive"/>
      <node ref="U2" pin="6" pinfunction="PB1" pintype="bidirectional"/>
    </net>
    <net code="3" name="BLE_TX">
      <node ref="J2" pin="2" pinfunction="Pin_2" pintype="passive"/>
      <node ref="R4" pin="1" pintype="passive"/>
      <node ref="U2" pin="5" pinfunction="AREF/PB0" pintype="bidirectional"/>
    </net>
    <net code="4" name="D10">
      <node ref="J2" pin="1" pinfunction="Pin_1" pintype="passive"/>
      <node ref="U2" pin="1" pinfunction="~{RESET}/PB5" pintype="bidirectional"/>
    </net>
    <net code="5" name="D13">
      <node ref="J2" pin="4" pinfunction="Pin_4" pintype="passive"/>
      <node ref="S1" pin="1" pinfunction="1" pintype="passive"/>
      <node ref="U2" pin="7" pinfunction="PB2" pintype="bidirectional"/>
    </net>
    <net code="6" name="GND">
      <node ref="C1" pin="2" pintype="passive"/>
      <node ref="C2" pin="2" pintype="passive"/>
      <node ref="D1" pin="1" pinfunction="K" pintype="passive"/>
      <node ref="D2" pin="1" pinfunction="K" pintype="passive"/>
      <node ref="J1" pin="1" pinfunction="1" pintype="passive"/>
      <node ref="J2" pin="6" pinfunction="Pin_6" pintype="passive"/>
      <node ref="J3" pin="12" pinfunction="GND" pintype="input"/>
      <node ref="JP1" pin="2" pinfunction="B" pintype="passive"/>
      <node ref="R2" pin="2" pintype="passive"/>
      <node ref="S1" pin="2" pinfunction="2" pintype="passive"/>
      <node ref="U2" pin="4" pinfunction="GND" pintype="power_in"/>
    </net>
    <net code="7" name="LDR_sensor">
      <node ref="R1" pin="2" pintype="passive"/>
      <node ref="R2" pin="1" pintype="passive"/>
      <node ref="U2" pin="2" pinfunction="XTAL1/PB3" pintype="bidirectional"/>
    </net>
    <net code="8" name="LED">
      <node ref="R3" pin="1" pintype="passive"/>
      <node ref="U2" pin="3" pinfunction="XTAL2/PB4" pintype="bidirectional"/>
    </net>
    <net code="9" name="Net-(D1-Pad2)">
      <node ref="D1" pin="2" pinfunction="A" pintype="passive"/>
      <node ref="R3" pin="2" pintype="passive"/>
    </net>
    <net code="10" name="Net-(D2-Pad2)">
      <node ref="D2" pin="2" pinfunction="A" pintype="passive"/>
      <node ref="R6" pin="2" pintype="passive"/>
    </net>
    <net code="11" name="Net-(J3-Pad2)">
      <node ref="J3" pin="2" pinfunction="UART_TX" pintype="output"/>
      <node ref="R4" pin="2" pintype="passive"/>
    </net>
    <net code="12" name="Net-(J3-Pad4)">
      <node ref="J3" pin="4" pinfunction="UART_RX" pintype="input"/>
      <node ref="R5" pin="2" pintype="passive"/>
    </net>
    <net code="13" name="Net-(J3-Pad11)">
      <node ref="J3" pin="11" pinfunction="RESETB" pintype="input"/>
      <node ref="JP1" pin="1" pinfunction="A" pintype="passive"/>
    </net>
    <net code="14" name="Net-(J3-Pad15)">
      <node ref="J3" pin="15" pinfunction="PIO1" pintype="input"/>
      <node ref="R6" pin="1" pintype="passive"/>
    </net>
    <net code="15" name="Net-(SW1-Pad1)">
      <node ref="SW1" pin="1" pinfunction="A" pintype="passive"/>
      <node ref="U1" pin="1" pinfunction="1" pintype="passive"/>
    </net>
    <net code="16" name="unconnected-(J3-Pad1)">
      <node ref="J3" pin="1" pinfunction="UART_RTS" pintype="input+no_connect"/>
    </net>
    <net code="17" name="unconnected-(J3-Pad3)">
      <node ref="J3" pin="3" pinfunction="UART_CTS" pintype="input+no_connect"/>
    </net>
    <net code="18" name="unconnected-(J3-Pad5)">
      <node ref="J3" pin="5" pinfunction="NC" pintype="input+no_connect"/>
    </net>
    <net code="19" name="unconnected-(J3-Pad6)">
      <node ref="J3" pin="6" pinfunction="NC" pintype="input+no_connect"/>
    </net>
    <net code="20" name="unconnected-(J3-Pad7)">
      <node ref="J3" pin="7" pinfunction="NC" pintype="input+no_connect"/>
    </net>
    <net code="21" name="unconnected-(J3-Pad8)">
      <node ref="J3" pin="8" pinfunction="NC" pintype="input+no_connect"/>
    </net>
    <net code="22" name="unconnected-(J3-Pad13)">
      <node ref="J3" pin="13" pinfunction="PIO3" pintype="input+no_connect"/>
    </net>
    <net code="23" name="unconnected-(J3-Pad14)">
      <node ref="J3" pin="14" pinfunction="PIO2" pintype="input+no_connect"/>
    </net>
    <net code="24" name="unconnected-(J3-Pad16)">
      <node ref="J3" pin="16" pinfunction="PIO0" pintype="input+no_connect"/>
    </net>
    <net code="25" name="unconnected-(SW1-Pad3)">
      <node ref="SW1" pin="3" pinfunction="C" pintype="passive+no_connect"/>
    </net>
  </nets>
</export>
